SERVICING_PROVIDER_LOCXTION_ID,NUM_VISITS_WITH_DRUG_TESTS,NUM_DRUG_TESTS_PER_VISIT,NUM_DRUG_TESTS_PER_DRGTST_MEM,NUM_UNIQUE_DRGTST_MEM,OutlierScore,Outlier_Flag,DOS_FROM_YEAR,TOT_NUM_CLAIMS,NUM_UNIQUE_MEMBERS,TOT_AMT_PAID,NUM_VISITS,NUM_DRUG_TESTS,PRC_VISITS_WITH_DRUG_TESTS,NUM_DRUG_TESTS_PER_MEM,NUM_DRUG_TESTS_OTHER_PROV_PER_MEM,NUM_DRUG_TESTS_OTHER_PROV_PER_VISIT,AMT_PAID_DRUG_TESTS_PER_MEM,AMT_PAID_DRUG_TESTS_PER_VISIT,AMT_PAID_DRUG_TESTS_OTHER_PROV_PER_MEM,AMT_PAID_DRUG_TESTS_OTHER_PROV_PER_VISIT,NUM_DRUG_TESTS_OTHER_PROV,AMT_PAID_DRUG_TESTS_OTHER_PROV,AMT_PAID_DRUG_TESTS,AMT_BILLED_DRUG_TESTS,HOURS_OFFICE_CLAIMS,NUM_OFFICE_CLAIMS,AMT_PAID_OFFICE_CLAIMS,HOURS_OFFICE_CLMS_PER_VISIT,AMT_PAID_OFFICE_CLAIMS_PER_VISIT,NUM_OFFICE_CLAIMS_PER_VISIT,PRC_AMT_PAID_FROM_DRUGTST,PRC_AMT_PAID_FROM_OFFICE_CLMS,PRC_NUM_CLMS_FROM_OFFICE_CLMS,PRC_NUM_CLMS_FROM_DRUGTSTS,NUM_MEM_9PLUS_DRGTS,NUM_CASES_9PLUS_DRGTST,PRC_MEMS_9_PLUS_DRUGTSTS,PHYSICIAN_NAME,ADR_MAIL_CITY_DSP,ADR_MAIL_ZIP_DSP,IND_OWNERSHIP_TYPE,CDE_PROV_TYPE,DSC_PROV_TYPE,CDE_PROV_SPEC,DSC_PROV_SPEC,CDE_TAXONOMY,DSC_TAXONOMY,CDE_LEGAL_ENTITY_TYPE,DSC_LEGAL_ENTITY_TYPE,IND_HOSPITAL_AFF,DSC_RELATIONSHIP_ENTITY_TYPE,CDE_OWNERSHIP_CLASS,DSC_OWNERSHIP_CLASS,NUM_DRUG_TESTS_OTHER_PROV_DRGTST_VIS_ONLY,NUM_DRUG_TESTS_PER_DRGTSTS_VISIT,Time_Point,RiskTimesMoney
665554665X,195,0,2,93,100,1,2011,6380,349,149131,2319,195,8,1,0,0,0,0,0,0,2,13,0,23605,1,1,21,0,0,0,0,0,0,3,2,2,1,%LlZXZ  BlRMZX,ATTLEBORO,2716,1,1,01 - PHYSICIAN,124,124 - PHYSICIAN,207R00000X,207R00000X - PHYSICIAN-INTERNAL MEDICINE,1,01 - INDIVIDUAL PRACTITIONER,N,0001 - Medical Service Provider,9,009 - FOR PROFIT,1,1,2011,0
665555569X,143,0,3,56,87,1,2011,2437,167,73253,889,143,16,1,0,0,22,4,0,0,8,49,3642,18590,197,750,32367,0,36,1,5,44,31,6,0,0,0,"BR%ZX W 9''m9XX9R",EVERETT,2129,1,1,01 - PHYSICIAN,124,124 - PHYSICIAN,207R00000X,207R00000X - PHYSICIAN-INTERNAL MEDICINE,1,01 - INDIVIDUAL PRACTITIONER,N,0001 - Medical Service Provider,9,009 - FOR PROFIT,5,1,2011,317797
665552922X,173,0,1,151,41,1,2011,12782,471,270258,2720,173,6,0,0,0,0,0,0,0,1,0,49,56980,1112,2549,87803,0,32,1,0,33,20,1,0,0,0,High Risk Doctor,WORCESTER,,1,1,01 - PHYSICIAN,124,124 - PHYSICIAN,207R00000X,207R00000X - PHYSICIAN-INTERNAL MEDICINE,1,01 - INDIVIDUAL PRACTITIONER,N,0001 - Medical Service Provider,9,009 - FOR PROFIT,1,1,2011,1991
665541519X,3,0,1,3,21,1,2011,11,8,134,10,3,30,0,0,0,0,0,0,0,0,0,0,600,0,0,0,0,0,0,0,0,0,27,0,0,0,ZLFRll9 R mHZX,HANOVER,62339,1,1,01 - PHYSICIAN,124,124 - PHYSICIAN,207R00000X,207R00000X - PHYSICIAN-INTERNAL MEDICINE,1,01 - INDIVIDUAL PRACTITIONER,N,0001 - Medical Service Provider,9,009 - FOR PROFIT,,1,2011,0
665525619X,2,0,1,2,20,1,2011,9,4,82,7,2,29,1,0,0,0,0,0,0,0,0,0,200,0,0,0,0,0,0,0,0,0,22,0,0,0,MZRK X R6l9LPH,PLYMOUTH,62366,1,1,01 - PHYSICIAN,124,124 - PHYSICIAN,207R00000X,207R00000X - PHYSICIAN-INTERNAL MEDICINE,1,01 - INDIVIDUAL PRACTITIONER,N,0001 - Medical Service Provider,9,009 - FOR PROFIT,0,1,2011,0
665595956X,8,0,1,7,16,1,2011,44,18,1306,34,8,24,0,0,0,22,12,0,0,0,0,390,1920,11,34,832,0,25,1,30,64,77,18,0,0,0,MZR%Z  7ZLL9,GREENFIELD,61361,1,1,01 - PHYSICIAN,124,124 - PHYSICIAN,207R00000X,207R00000X - PHYSICIAN-INTERNAL MEDICINE,1,01 - INDIVIDUAL PRACTITIONER,N,0001 - Medical Service Provider,9,009 - FOR PROFIT,0,1,2011,6043
665599922X,3,0,1,3,9,1,2011,72,12,2108,21,3,14,0,0,0,0,0,0,0,0,0,0,480,6,18,820,0,39,1,0,39,25,4,0,0,0,LZWRlXml  L%TMZX,BROOKLINE,2226,1,1,01 - PHYSICIAN,124,124 - PHYSICIAN,207R00000X,207R00000X - PHYSICIAN-INTERNAL MEDICINE,1,01 - INDIVIDUAL PRACTITIONER,N,0001 - Medical Service Provider,9,009 - FOR PROFIT,0,1,2011,0
665556419X,27,0,1,27,9,1,2011,397,64,16776,271,27,10,0,0,0,3,1,2,1,26,150,200,6480,65,246,7884,0,29,1,1,47,62,7,0,0,0,LZWRlXml M lPSTl%X,FRAMINGHAM,61762,1,1,01 - PHYSICIAN,124,124 - PHYSICIAN,207R00000X,207R00000X - PHYSICIAN-INTERNAL MEDICINE,1,01 - INDIVIDUAL PRACTITIONER,N,0001 - Medical Service Provider,9,009 - FOR PROFIT,0,1,2011,1786
665546566X,39,0,2,25,8,1,2011,1053,195,46669,735,39,5,0,0,0,1,0,0,0,1,0,163,2340,343,719,28529,1,39,1,0,61,68,4,0,0,0,9MZR  FZR6K,SPRINGFIELD,1162,1,1,01 - PHYSICIAN,124,124 - PHYSICIAN,207R00000X,207R00000X - PHYSICIAN-INTERNAL MEDICINE,1,01 - INDIVIDUAL PRACTITIONER,N,0001 - Medical Service Provider,9,009 - FOR PROFIT,1,1,2011,1368
665549199X,28,0,1,27,8,1,2011,1142,243,39899,886,28,3,0,0,0,0,0,0,0,0,0,38,880,240,883,22234,0,25,1,0,56,77,3,0,0,0,JZY M P9RTX9W,BROCKTON,62361,1,1,01 - PHYSICIAN,124,124 - PHYSICIAN,207R00000X,207R00000X - PHYSICIAN-INTERNAL MEDICINE,1,01 - INDIVIDUAL PRACTITIONER,N,0001 - Medical Service Provider,9,009 - FOR PROFIT,0,1,2011,303
665514556X,24,0,2,10,8,1,2011,709,185,32629,521,24,5,0,0,0,2,1,0,0,2,49,300,3840,159,441,20679,0,40,1,1,63,62,3,0,0,0,PlTlR  Sm6mm%MZRR%,SUTTON,61596,1,1,01 - PHYSICIAN,124,124 - PHYSICIAN,207R00000X,207R00000X - PHYSICIAN-INTERNAL MEDICINE,1,01 - INDIVIDUAL PRACTITIONER,N,0001 - Medical Service Provider,9,009 - FOR PROFIT,0,1,2011,2420
665512999X,2,0,2,1,8,1,2011,29,12,445,29,2,7,0,0,0,0,0,0,0,2,0,0,42,0,0,0,0,0,0,0,0,0,7,0,0,0,JZm9B B KZ7ZX,WORCESTER,61665,1,1,01 - PHYSICIAN,124,124 - PHYSICIAN,207R00000X,207R00000X - PHYSICIAN-INTERNAL MEDICINE,1,01 - INDIVIDUAL PRACTITIONER,N,0001 - Medical Service Provider,9,009 - FOR PROFIT,2,1,2011,0
665592654X,10,0,1,8,7,1,2011,243,35,11885,77,10,13,0,0,0,0,0,0,0,0,0,0,2000,19,33,2093,0,27,0,0,18,14,4,0,0,0,SZSZ  PlR%SK%m,MELROSE,62176,1,1,01 - PHYSICIAN,124,124 - PHYSICIAN,207R00000X,207R00000X - PHYSICIAN-INTERNAL MEDICINE,1,01 - INDIVIDUAL PRACTITIONER,N,0001 - Medical Service Provider,9,009 - FOR PROFIT,0,1,2011,0
665554592X,2,0,2,1,7,1,2011,629,313,17029,476,2,0,0,0,0,0,0,0,0,0,0,25,320,79,134,5473,0,12,0,0,32,21,0,0,0,0,%ZX l SmHl%X,FALMOUTH,2526,1,1,01 - PHYSICIAN,124,124 - PHYSICIAN,207R00000X,207R00000X - PHYSICIAN-INTERNAL MEDICINE,1,01 - INDIVIDUAL PRACTITIONER,N,0001 - Medical Service Provider,9,009 - FOR PROFIT,0,1,2011,182
665592491X,2,0,2,1,7,1,2011,113,46,1114,109,2,2,0,0,0,0,0,0,0,0,0,0,42,0,0,0,0,0,0,0,0,0,2,0,0,0,J9SlPH  MmmZBl,CAMBRIDGE,62139,1,1,01 - PHYSICIAN,124,124 - PHYSICIAN,207R00000X,207R00000X - PHYSICIAN-INTERNAL MEDICINE,1,01 - INDIVIDUAL PRACTITIONER,N,0001 - Medical Service Provider,9,009 - FOR PROFIT,0,1,2011,0
665556645X,23,0,2,11,7,1,2011,1274,183,32187,1273,23,2,0,0,0,0,0,0,0,0,0,0,5150,6,23,592,0,1,0,0,2,2,2,0,0,0,FZ%YZZ H HZK%M,WORCESTER,1661,1,1,01 - PHYSICIAN,124,124 - PHYSICIAN,207R00000X,207R00000X - PHYSICIAN-INTERNAL MEDICINE,1,01 - INDIVIDUAL PRACTITIONER,N,0001 - Medical Service Provider,9,009 - FOR PROFIT,0,1,2011,0
665542529X,23,0,1,22,7,1,2011,381,57,13574,253,23,9,0,0,0,2,0,0,0,1,0,113,4275,67,228,6014,0,24,1,1,44,60,6,0,0,0,SlR7l%  Z%SH,FRAMINGHAM,61762,1,1,01 - PHYSICIAN,124,124 - PHYSICIAN,207R00000X,207R00000X - PHYSICIAN-INTERNAL MEDICINE,1,01 - INDIVIDUAL PRACTITIONER,N,0001 - Medical Service Provider,9,009 - FOR PROFIT,0,1,2011,734
665555292X,24,0,2,14,5,1,2011,529,114,18078,528,24,5,0,0,0,2,0,0,0,0,0,195,6280,7,22,571,0,1,0,1,3,4,5,0,0,0,ZllK6XLl 7 FZJZXZ,WORCESTER,1661,1,1,01 - PHYSICIAN,124,124 - PHYSICIAN,207R00000X,207R00000X - PHYSICIAN-INTERNAL MEDICINE,1,01 - INDIVIDUAL PRACTITIONER,N,0001 - Medical Service Provider,9,009 - FOR PROFIT,0,1,2011,967
665522519X,11,0,1,11,4,1,2011,525,43,16066,151,11,7,0,0,0,7,2,0,0,0,0,293,1760,30,115,5367,0,36,1,2,33,22,2,0,0,0,lR%mZ J B%ZL,WORCESTER,1661,1,1,01 - PHYSICIAN,124,124 - PHYSICIAN,207R00000X,207R00000X - PHYSICIAN-INTERNAL MEDICINE,1,01 - INDIVIDUAL PRACTITIONER,N,0001 - Medical Service Provider,9,009 - FOR PROFIT,0,1,2011,1191
665515661X,12,0,2,6,4,1,2011,779,219,32691,595,12,2,0,0,0,1,0,0,0,3,0,150,1920,119,254,14449,0,24,0,1,44,33,2,0,0,0,V%KRZM  S9XlH%,SPRINGFIELD,1162,1,1,01 - PHYSICIAN,124,124 - PHYSICIAN,207R00000X,207R00000X - PHYSICIAN-INTERNAL MEDICINE,1,01 - INDIVIDUAL PRACTITIONER,N,0001 - Medical Service Provider,9,009 - FOR PROFIT,0,1,2011,610
665565955X,16,0,2,10,4,1,2011,265,60,7126,202,16,8,0,0,0,2,1,0,0,4,0,138,3510,54,174,3775,0,19,1,2,53,66,6,0,0,0,6SHZ  BZXlZR%,MARLBOROUGH,61752,1,1,01 - PHYSICIAN,124,124 - PHYSICIAN,207R00000X,207R00000X - PHYSICIAN-INTERNAL MEDICINE,1,01 - INDIVIDUAL PRACTITIONER,N,0001 - Medical Service Provider,9,009 - FOR PROFIT,0,1,2011,547
665555645X,28,0,1,23,4,1,2011,1078,136,52010,650,28,4,0,0,0,7,1,0,0,0,0,878,6720,184,570,20955,0,32,1,2,40,53,3,0,0,0,TH9MZS  HlW%TT,WEST SPRINGFIEL,1619,1,1,01 - PHYSICIAN,124,124 - PHYSICIAN,207R00000X,207R00000X - PHYSICIAN-INTERNAL MEDICINE,1,01 - INDIVIDUAL PRACTITIONER,N,0001 - Medical Service Provider,9,009 - FOR PROFIT,0,1,2011,3479
665529592X,29,0,1,21,4,1,2011,769,130,31214,515,29,6,0,0,0,2,0,0,0,0,0,200,8325,143,494,14605,0,28,1,1,47,64,4,0,0,0,ll6ZRl9  R%Bl%R9,FRAMINGHAM,61762,1,1,01 - PHYSICIAN,124,124 - PHYSICIAN,207R00000X,207R00000X - PHYSICIAN-INTERNAL MEDICINE,1,01 - INDIVIDUAL PRACTITIONER,N,0001 - Medical Service Provider,9,009 - FOR PROFIT,0,1,2011,779
665596259X,5,0,2,3,4,1,2011,187,51,2126,116,5,4,0,0,0,0,0,0,0,0,0,0,105,33,86,738,0,6,1,0,35,46,3,0,0,0,MlLV%X B XlMK9V,SOMERVILLE,2123,1,1,01 - PHYSICIAN,124,124 - PHYSICIAN,207R00000X,207R00000X - PHYSICIAN-INTERNAL MEDICINE,1,01 - INDIVIDUAL PRACTITIONER,N,0001 - Medical Service Provider,9,009 - FOR PROFIT,0,1,2011,0
665522664X,16,0,1,15,4,1,2011,885,133,41213,636,16,3,0,0,0,4,1,0,0,3,0,488,3840,149,492,16965,0,27,1,1,41,56,2,0,0,0,JZMlS V Q6%XX,LITTLE COMPTON,2137,1,1,01 - PHYSICIAN,124,124 - PHYSICIAN,207R00000X,207R00000X - PHYSICIAN-INTERNAL MEDICINE,1,01 - INDIVIDUAL PRACTITIONER,N,0001 - Medical Service Provider,9,009 - FOR PROFIT,0,1,2011,1743
665554969X,9,0,2,5,4,1,2011,1148,324,33909,929,9,1,0,0,0,0,0,0,0,0,0,63,840,179,383,13117,0,14,0,0,39,33,1,0,0,0,KR%SHXZX  BZB6,SPRINGFIELD,1162,1,1,01 - PHYSICIAN,124,124 - PHYSICIAN,207R00000X,207R00000X - PHYSICIAN-INTERNAL MEDICINE,1,01 - INDIVIDUAL PRACTITIONER,N,0001 - Medical Service Provider,9,009 - FOR PROFIT,0,1,2011,222
665556462X,3,0,2,2,3,0,2011,266,177,10353,206,3,2,0,0,0,0,0,0,0,0,0,38,480,47,142,7070,0,34,1,0,68,53,1,0,0,0,V%JZY  PZTlL,SPRINGFIELD,61163,1,1,01 - PHYSICIAN,124,124 - PHYSICIAN,207R00000X,207R00000X - PHYSICIAN-INTERNAL MEDICINE,1,01 - INDIVIDUAL PRACTITIONER,N,0001 - Medical Service Provider,9,009 - FOR PROFIT,0,1,2011,105
665552265X,24,0,1,18,3,0,2011,1224,168,67621,765,24,3,0,0,0,4,1,0,0,4,60,585,5760,251,634,28097,0,37,1,1,42,52,2,0,0,0,ZMZXlZ L W%LS9X,SPRINGFIELD,1162,1,1,01 - PHYSICIAN,124,124 - PHYSICIAN,207R00000X,207R00000X - PHYSICIAN-INTERNAL MEDICINE,1,01 - INDIVIDUAL PRACTITIONER,N,0001 - Medical Service Provider,9,009 - FOR PROFIT,0,1,2011,1612
665559256X,19,0,2,12,3,0,2011,1209,143,62087,685,19,3,0,0,0,6,1,1,0,2,98,829,4560,176,617,24785,0,36,1,1,40,51,2,0,0,0,WZYXl Z 7ZVRYmK,TURNERS FALLS,61376,1,1,01 - PHYSICIAN,124,124 - PHYSICIAN,207R00000X,207R00000X - PHYSICIAN-INTERNAL MEDICINE,1,01 - INDIVIDUAL PRACTITIONER,N,0001 - Medical Service Provider,9,009 - FOR PROFIT,2,1,2011,2238
665599996X,9,0,1,9,3,0,2011,221,36,4865,192,9,5,0,0,0,3,1,0,0,0,0,98,2160,9,34,1138,0,6,0,2,23,15,4,0,0,0,LYl%Z Z KZPlLL,W SPRINGFIELD,,1,1,01 - PHYSICIAN,124,124 - PHYSICIAN,207R00000X,207R00000X - PHYSICIAN-INTERNAL MEDICINE,1,01 - INDIVIDUAL PRACTITIONER,N,0001 - Medical Service Provider,9,009 - FOR PROFIT,0,1,2011,242
665546569X,1,0,1,1,2,0,2011,27,12,90,22,1,5,0,0,0,0,0,0,0,4,0,0,45,7,20,85,0,4,1,0,94,74,4,0,0,0,J9HX  STlVlXS9X,NORTHBOROUGH,61532,1,1,01 - PHYSICIAN,124,124 - PHYSICIAN,207R00000X,207R00000X - PHYSICIAN-INTERNAL MEDICINE,1,01 - INDIVIDUAL PRACTITIONER,N,0001 - Medical Service Provider,9,009 - FOR PROFIT,4,1,2011,0
665549924X,3,0,1,3,2,0,2011,83,32,820,60,3,5,0,0,0,0,0,0,0,0,0,0,63,15,48,452,0,8,1,0,55,58,4,0,0,0,PZ6L J Fl%SS,BOSTON,62115,1,1,01 - PHYSICIAN,124,124 - PHYSICIAN,207R00000X,207R00000X - PHYSICIAN-INTERNAL MEDICINE,1,01 - INDIVIDUAL PRACTITIONER,N,0001 - Medical Service Provider,9,009 - FOR PROFIT,0,1,2011,0
665556526X,20,0,1,15,2,0,2011,1497,333,57095,1025,20,2,0,0,0,3,1,0,0,4,49,976,4800,320,915,30366,0,30,1,2,53,61,1,0,0,0,RllZ H %SHZK,W SPRINGFIELD,1619,1,1,01 - PHYSICIAN,124,124 - PHYSICIAN,207R00000X,207R00000X - PHYSICIAN-INTERNAL MEDICINE,1,01 - INDIVIDUAL PRACTITIONER,N,0001 - Medical Service Provider,9,009 - FOR PROFIT,2,1,2011,2213
665565599X,6,0,2,4,2,0,2011,246,57,7838,203,6,3,0,0,0,0,0,0,0,0,0,0,270,33,97,2757,0,14,1,0,35,39,2,0,0,0,PRZKZSH  BZXlZR%,NATICK,61766,1,1,01 - PHYSICIAN,124,124 - PHYSICIAN,207R00000X,207R00000X - PHYSICIAN-INTERNAL MEDICINE,1,01 - INDIVIDUAL PRACTITIONER,N,0001 - Medical Service Provider,9,009 - FOR PROFIT,0,1,2011,0
665556699X,6,0,2,4,2,0,2011,245,184,8738,221,6,3,0,0,0,1,1,0,0,3,0,244,1440,9,32,956,0,4,0,3,11,13,2,0,0,0,ZL7lRX9X l ZXZT9L,SPRINGFIELD,1162,1,1,01 - PHYSICIAN,124,124 - PHYSICIAN,207R00000X,207R00000X - PHYSICIAN-INTERNAL MEDICINE,1,01 - INDIVIDUAL PRACTITIONER,N,0001 - Medical Service Provider,9,009 - FOR PROFIT,0,1,2011,516
665562464X,1,0,1,1,2,0,2011,41,20,235,27,1,4,0,0,0,0,0,0,0,0,0,0,21,6,18,0,0,0,1,0,0,44,2,0,0,0,JZMlS m L%6,SOMERVILLE,2122,1,1,01 - PHYSICIAN,124,124 - PHYSICIAN,207R00000X,207R00000X - PHYSICIAN-INTERNAL MEDICINE,1,01 - INDIVIDUAL PRACTITIONER,N,0001 - Medical Service Provider,9,009 - FOR PROFIT,,1,2011,0
665549162X,15,0,1,12,2,0,2011,1285,254,45802,1006,15,2,0,0,0,1,0,1,0,5,146,342,3600,262,890,23220,0,23,1,1,51,69,1,0,0,0,ZLZX B Wl%XlR,HADLEY,61635,1,1,01 - PHYSICIAN,124,124 - PHYSICIAN,207R00000X,207R00000X - PHYSICIAN-INTERNAL MEDICINE,1,01 - INDIVIDUAL PRACTITIONER,N,0001 - Medical Service Provider,9,009 - FOR PROFIT,1,1,2011,618
665544956X,15,0,2,10,2,0,2011,734,270,21399,573,15,3,0,0,0,0,0,0,0,0,0,75,675,126,409,11434,0,20,1,0,53,56,2,0,0,0,V%XZY  K6MZR,MARLBOROUGH,61752,1,1,01 - PHYSICIAN,124,124 - PHYSICIAN,207R00000X,207R00000X - PHYSICIAN-INTERNAL MEDICINE,1,01 - INDIVIDUAL PRACTITIONER,N,0001 - Medical Service Provider,9,009 - FOR PROFIT,0,1,2011,117
665542645X,9,0,1,8,1,0,2011,1734,325,54335,790,9,1,0,0,0,0,0,0,0,39,87,0,1440,265,655,25741,0,33,1,0,47,38,1,0,0,0,ZXZT9LY P SHZLX9V,BOSTON,62215,1,1,01 - PHYSICIAN,124,124 - PHYSICIAN,207R00000X,207R00000X - PHYSICIAN-INTERNAL MEDICINE,1,01 - INDIVIDUAL PRACTITIONER,N,0001 - Medical Service Provider,9,009 - FOR PROFIT,18,1,2011,0
665599955X,12,0,1,10,1,0,2011,928,196,45863,609,12,2,0,0,0,3,1,0,0,0,0,537,2880,135,453,15293,0,25,1,1,33,49,1,0,0,0,mZRL9S M FL9RlS,SPRINGFIELD,1162,1,1,01 - PHYSICIAN,124,124 - PHYSICIAN,207R00000X,207R00000X - PHYSICIAN-INTERNAL MEDICINE,1,01 - INDIVIDUAL PRACTITIONER,N,0001 - Medical Service Provider,9,009 - FOR PROFIT,0,1,2011,725
665511469X,6,0,1,6,1,0,2011,320,117,16178,178,6,3,0,0,0,0,0,0,0,0,0,38,730,30,62,1999,0,11,0,0,12,19,2,0,0,0,SlR7l%  MZR76L%ZX,ATTLEBORO,62763,1,1,01 - PHYSICIAN,124,124 - PHYSICIAN,207R00000X,207R00000X - PHYSICIAN-INTERNAL MEDICINE,1,01 - INDIVIDUAL PRACTITIONER,N,0001 - Medical Service Provider,9,009 - FOR PROFIT,0,1,2011,50
665549256X,1,0,1,1,1,0,2011,65,28,2277,35,1,3,0,0,0,0,0,0,0,0,0,13,288,5,17,1009,0,29,1,1,44,26,2,0,0,0,M%mHZlL Z Lll,DEDHAM,62626,1,1,01 - PHYSICIAN,124,124 - PHYSICIAN,207R00000X,207R00000X - PHYSICIAN-INTERNAL MEDICINE,1,01 - INDIVIDUAL PRACTITIONER,N,0001 - Medical Service Provider,9,009 - FOR PROFIT,0,1,2011,15
665562425X,10,0,1,7,1,0,2011,894,216,21513,390,10,3,0,0,0,1,0,0,0,1,0,111,2125,86,320,8712,0,22,1,1,41,36,1,0,0,0,J%LL Z 7R%FF%X,SPRINGFIELD,1162,1,1,01 - PHYSICIAN,124,124 - PHYSICIAN,207R00000X,207R00000X - PHYSICIAN-INTERNAL MEDICINE,1,01 - INDIVIDUAL PRACTITIONER,N,0001 - Medical Service Provider,9,009 - FOR PROFIT,1,1,2011,126
665565926X,1,0,1,1,1,0,2011,50,22,280,38,1,3,0,0,0,0,0,0,0,2,0,0,21,8,27,100,0,3,1,0,36,54,2,0,0,0,H%KZR6  %S%HZRZ,BRAINTREE,2112,1,1,01 - PHYSICIAN,124,124 - PHYSICIAN,207R00000X,207R00000X - PHYSICIAN-INTERNAL MEDICINE,1,01 - INDIVIDUAL PRACTITIONER,N,0001 - Medical Service Provider,9,009 - FOR PROFIT,0,1,2011,0
665552492X,3,0,1,3,1,0,2011,111,32,706,98,3,3,0,0,0,0,0,0,0,0,0,0,51,51,98,692,1,7,1,0,98,88,3,0,0,0,PZ6L m Lll,TEATICKET,62536,1,1,01 - PHYSICIAN,124,124 - PHYSICIAN,207R00000X,207R00000X - PHYSICIAN-INTERNAL MEDICINE,1,01 - INDIVIDUAL PRACTITIONER,N,0001 - Medical Service Provider,9,009 - FOR PROFIT,0,1,2011,0
665552624X,4,0,1,4,1,0,2011,175,67,1996,131,4,3,0,0,0,0,0,0,0,1,0,0,84,35,92,478,0,4,1,0,24,53,2,0,0,0,H9LLY M TH9MZS,BROCKTON,62361,1,1,01 - PHYSICIAN,124,124 - PHYSICIAN,207R00000X,207R00000X - PHYSICIAN-INTERNAL MEDICINE,1,01 - INDIVIDUAL PRACTITIONER,N,0001 - Medical Service Provider,9,009 - FOR PROFIT,1,1,2011,0
665599212X,5,0,1,5,1,0,2011,1371,241,47896,860,5,1,0,0,0,0,0,0,0,3,0,0,128,214,639,19336,0,23,1,0,40,47,0,0,0,0,RZM% R R6ST6M,BROCKTON,62362,1,1,01 - PHYSICIAN,124,124 - PHYSICIAN,207R00000X,207R00000X - PHYSICIAN-INTERNAL MEDICINE,1,01 - INDIVIDUAL PRACTITIONER,N,0001 - Medical Service Provider,9,009 - FOR PROFIT,1,1,2011,0
665514556X,8,0,1,7,1,0,2011,444,121,5598,419,8,2,0,0,0,0,0,0,0,1,0,0,1920,11,43,1065,0,3,0,0,19,10,2,0,0,0,MZR%Z S ZRR6BLZ,SOUTHBRIDGE,61556,1,1,01 - PHYSICIAN,124,124 - PHYSICIAN,207R00000X,207R00000X - PHYSICIAN-INTERNAL MEDICINE,1,01 - INDIVIDUAL PRACTITIONER,N,0001 - Medical Service Provider,9,009 - FOR PROFIT,0,1,2011,0
665566299X,1,0,1,1,1,0,2011,45,9,500,45,1,2,0,0,0,0,0,0,0,0,0,0,21,0,0,0,0,0,0,0,0,0,2,0,0,0,M%mHZlL F LZRS9X,BOSTON,62116,1,1,01 - PHYSICIAN,124,124 - PHYSICIAN,207R00000X,207R00000X - PHYSICIAN-INTERNAL MEDICINE,1,01 - INDIVIDUAL PRACTITIONER,N,0001 - Medical Service Provider,9,009 - FOR PROFIT,0,1,2011,0
665565691X,1,0,1,1,1,0,2011,56,15,601,55,1,2,0,0,0,0,0,1,0,2,15,0,21,0,0,0,0,0,0,0,0,0,2,0,0,0,STlPHlX Z ZllLMZX,WEST ROXBURY,62167,1,1,01 - PHYSICIAN,124,124 - PHYSICIAN,207R00000X,207R00000X - PHYSICIAN-INTERNAL MEDICINE,1,01 - INDIVIDUAL PRACTITIONER,N,0001 - Medical Service Provider,9,009 - FOR PROFIT,,1,2011,0
665515491X,1,0,1,1,1,0,2011,65,24,630,60,1,2,0,0,0,0,0,0,0,0,0,0,21,0,0,0,0,0,0,0,0,0,2,0,0,0,MZR7ZRlT l BZLYZ,WORCESTER,61665,1,1,01 - PHYSICIAN,124,124 - PHYSICIAN,207R00000X,207R00000X - PHYSICIAN-INTERNAL MEDICINE,1,01 - INDIVIDUAL PRACTITIONER,N,0001 - Medical Service Provider,9,009 - FOR PROFIT,0,1,2011,0
665592659X,1,0,1,1,0,0,2011,1945,344,68565,1509,1,0,0,0,0,0,0,0,0,2,0,0,120,541,1448,53993,0,36,1,0,79,74,0,0,0,0,ZXTH9XY 7 lZT9X,METHUEN,1122,1,1,01 - PHYSICIAN,124,124 - PHYSICIAN,207R00000X,207R00000X - PHYSICIAN-INTERNAL MEDICINE,1,01 - INDIVIDUAL PRACTITIONER,N,0001 - Medical Service Provider,9,009 - FOR PROFIT,,1,2011,0
665545956X,1,0,1,1,0,0,2011,1461,970,67759,1131,1,0,0,0,0,0,0,0,0,15,70,13,225,22,82,3391,0,3,0,0,5,6,0,0,0,0,M%mHZlL  ZM6RK9,SPRINGFIELD,1162,1,1,01 - PHYSICIAN,124,124 - PHYSICIAN,207R00000X,207R00000X - PHYSICIAN-INTERNAL MEDICINE,1,01 - INDIVIDUAL PRACTITIONER,N,0001 - Medical Service Provider,9,009 - FOR PROFIT,0,1,2011,5
665559665X,1,0,1,1,0,0,2011,77,55,955,65,1,2,0,0,0,0,0,0,0,0,0,0,21,8,23,242,0,4,0,0,25,30,1,0,0,0,R%mHZRl H Fl%T,BRAINTREE,2112,1,1,01 - PHYSICIAN,124,124 - PHYSICIAN,207R00000X,207R00000X - PHYSICIAN-INTERNAL MEDICINE,1,01 - INDIVIDUAL PRACTITIONER,N,0001 - Medical Service Provider,9,009 - FOR PROFIT,0,1,2011,0
665521592X,3,0,1,3,0,0,2011,1444,428,43238,904,3,0,0,0,0,0,0,0,0,3,0,13,216,310,759,25577,0,28,1,0,59,53,0,0,0,0,MZRK S SKZLSK%,SPRINGFIELD,,1,1,01 - PHYSICIAN,124,124 - PHYSICIAN,207R00000X,207R00000X - PHYSICIAN-INTERNAL MEDICINE,1,01 - INDIVIDUAL PRACTITIONER,N,0001 - Medical Service Provider,9,009 - FOR PROFIT,3,1,2011,5
665591645X,1,0,1,1,0,0,2011,1203,186,39435,852,1,0,0,0,0,0,0,0,0,1,0,0,240,239,776,29211,0,34,1,0,74,65,0,0,0,0,M%mHZlL l SmHRlXK9,LYNN,61962,1,1,01 - PHYSICIAN,124,124 - PHYSICIAN,207R00000X,207R00000X - PHYSICIAN-INTERNAL MEDICINE,1,01 - INDIVIDUAL PRACTITIONER,N,0001 - Medical Service Provider,9,009 - FOR PROFIT,0,1,2011,0
665554662X,2,0,1,2,0,0,2011,3211,499,104214,2233,2,0,0,0,0,0,0,0,0,0,0,0,100,572,1541,44765,0,20,1,0,43,48,0,0,0,0,R9BlRT9  FlL%Z,WESTWOOD,62696,1,1,01 - PHYSICIAN,124,124 - PHYSICIAN,207R00000X,207R00000X - PHYSICIAN-INTERNAL MEDICINE,1,01 - INDIVIDUAL PRACTITIONER,N,0001 - Medical Service Provider,9,009 - FOR PROFIT,0,1,2011,0
665546922X,1,0,1,1,0,0,2011,885,708,42213,773,1,0,0,0,0,0,0,0,0,19,21,13,225,12,49,1605,0,2,0,0,4,6,0,0,0,0,JZMlS  mZRR9LL,PALMER,61669,1,1,01 - PHYSICIAN,124,124 - PHYSICIAN,207R00000X,207R00000X - PHYSICIAN-INTERNAL MEDICINE,1,01 - INDIVIDUAL PRACTITIONER,N,0001 - Medical Service Provider,9,009 - FOR PROFIT,0,1,2011,5
665525624X,1,0,1,1,0,0,2011,1002,366,9808,756,1,0,0,0,0,0,0,0,0,2,49,0,28,215,629,4470,0,6,1,0,46,63,0,0,0,0,lL%ZS  XZMl,CHICOPEE,61626,1,1,01 - PHYSICIAN,124,124 - PHYSICIAN,207R00000X,207R00000X - PHYSICIAN-INTERNAL MEDICINE,1,01 - INDIVIDUAL PRACTITIONER,N,0001 - Medical Service Provider,9,009 - FOR PROFIT,1,1,2011,0
665516221X,1,0,1,1,0,0,2011,1573,150,53790,606,1,0,0,0,0,0,0,2,0,38,257,0,95,141,440,20741,0,34,1,0,39,28,0,0,0,0,YZXZXTS  ZXT9XlV%mH,BROOKLINE,2226,1,1,01 - PHYSICIAN,124,124 - PHYSICIAN,207R00000X,207R00000X - PHYSICIAN-INTERNAL MEDICINE,1,01 - INDIVIDUAL PRACTITIONER,N,0001 - Medical Service Provider,9,009 - FOR PROFIT,0,1,2011,0
665592496X,1,0,1,1,0,0,2011,891,278,13184,587,1,0,0,0,0,0,0,0,0,0,0,0,40,122,321,7767,0,13,1,0,59,36,0,0,0,0,MZRm Z 79LlMZX,LUDLOW,61656,1,1,01 - PHYSICIAN,124,124 - PHYSICIAN,207R00000X,207R00000X - PHYSICIAN-INTERNAL MEDICINE,1,01 - INDIVIDUAL PRACTITIONER,N,0001 - Medical Service Provider,9,009 - FOR PROFIT,,1,2011,0
665541266X,2,0,1,2,0,0,2011,123,42,5923,102,2,2,0,0,0,1,0,0,0,0,0,25,150,25,90,4165,0,41,1,0,70,73,2,0,0,0,BR6ml W SM%TH,HAMILTON,1912,1,1,01 - PHYSICIAN,124,124 - PHYSICIAN,207R00000X,207R00000X - PHYSICIAN-INTERNAL MEDICINE,1,01 - INDIVIDUAL PRACTITIONER,N,0001 - Medical Service Provider,9,009 - FOR PROFIT,0,1,2011,9
665516669X,1,0,1,1,0,0,2011,1892,117,69611,533,1,0,0,0,0,0,0,0,0,11,13,49,160,199,505,30859,0,58,1,0,44,27,0,0,0,0,RZJll S %YlR,BROOKLINE,2226,1,1,01 - PHYSICIAN,124,124 - PHYSICIAN,207R00000X,207R00000X - PHYSICIAN-INTERNAL MEDICINE,1,01 - INDIVIDUAL PRACTITIONER,N,0001 - Medical Service Provider,9,009 - FOR PROFIT,0,1,2011,18
665545992X,1,0,1,1,0,0,2011,856,321,20344,532,1,0,0,0,0,0,0,0,0,0,0,0,50,57,163,2787,0,5,0,0,14,19,0,0,0,0,ll6ZRl  VZYXBlR7,WESTWOOD,62696,1,1,01 - PHYSICIAN,124,124 - PHYSICIAN,207R00000X,207R00000X - PHYSICIAN-INTERNAL MEDICINE,1,01 - INDIVIDUAL PRACTITIONER,N,0001 - Medical Service Provider,9,009 - FOR PROFIT,,1,2011,0
665544552X,1,0,1,1,0,0,2011,850,228,11639,483,1,0,0,0,0,0,0,0,0,1,0,0,472,94,304,4432,0,9,1,0,38,36,0,0,0,0,PZTR%m%Z Z %VlRS9X,GREENFIELD,61361,1,1,01 - PHYSICIAN,124,124 - PHYSICIAN,207R00000X,207R00000X - PHYSICIAN-INTERNAL MEDICINE,1,01 - INDIVIDUAL PRACTITIONER,N,0001 - Medical Service Provider,9,009 - FOR PROFIT,0,1,2011,0
665554269X,1,0,1,1,0,0,2011,589,246,8804,469,1,0,0,0,0,0,0,0,0,2,25,13,28,152,434,6603,0,14,1,0,75,74,0,0,0,0,mHR%ST%XZ F HZYFR9X-BlXJZ,SPRINGFIELD,61199,1,1,01 - PHYSICIAN,124,124 - PHYSICIAN,207R00000X,207R00000X - PHYSICIAN-INTERNAL MEDICINE,1,01 - INDIVIDUAL PRACTITIONER,N,0001 - Medical Service Provider,9,009 - FOR PROFIT,1,1,2011,5
665542916X,1,0,1,1,0,0,2011,598,257,6394,458,1,0,0,0,0,0,0,0,0,2,0,0,28,114,397,3455,0,8,1,0,54,66,0,0,0,0,FRZXm9 M llSZXT%S,CICOPEE,61626,1,1,01 - PHYSICIAN,124,124 - PHYSICIAN,207R00000X,207R00000X - PHYSICIAN-INTERNAL MEDICINE,1,01 - INDIVIDUAL PRACTITIONER,N,0001 - Medical Service Provider,9,009 - FOR PROFIT,1,1,2011,0
665541444X,4,0,1,4,0,0,2011,659,207,9472,381,4,1,0,0,0,0,0,0,0,0,0,0,160,110,278,6922,0,18,1,0,73,42,1,0,0,0,lZV%l J P%lRZX7lL9,SPRINGFIELD,1162,1,1,01 - PHYSICIAN,124,124 - PHYSICIAN,207R00000X,207R00000X - PHYSICIAN-INTERNAL MEDICINE,1,01 - INDIVIDUAL PRACTITIONER,N,0001 - Medical Service Provider,9,009 - FOR PROFIT,0,1,2011,0
665599295X,1,0,1,1,0,0,2011,644,211,16041,370,1,0,0,0,0,0,0,0,0,0,0,49,472,72,221,7457,0,20,1,0,47,34,0,0,0,0,PZ6L l mZRLZX,GREENFIELD,61361,1,1,01 - PHYSICIAN,124,124 - PHYSICIAN,207R00000X,207R00000X - PHYSICIAN-INTERNAL MEDICINE,1,01 - INDIVIDUAL PRACTITIONER,N,0001 - Medical Service Provider,9,009 - FOR PROFIT,0,1,2011,16
665559945X,1,0,1,1,0,0,2011,107,33,182,73,1,1,0,0,0,0,0,0,0,0,0,0,50,29,54,114,0,2,1,0,63,51,1,0,0,0,JZXlT l PlZRL,FRAMINGHAM,61762,1,1,01 - PHYSICIAN,124,124 - PHYSICIAN,207R00000X,207R00000X - PHYSICIAN-INTERNAL MEDICINE,1,01 - INDIVIDUAL PRACTITIONER,N,0001 - Medical Service Provider,9,009 - FOR PROFIT,,1,2011,0
665599642X,1,0,1,1,0,0,2011,594,176,13322,355,1,0,0,0,0,0,0,0,0,0,0,0,472,88,249,6493,0,18,1,0,49,42,0,0,0,0,R6TH Z P9Tll,GREENFIELD,61361,1,1,01 - PHYSICIAN,124,124 - PHYSICIAN,207R00000X,207R00000X - PHYSICIAN-INTERNAL MEDICINE,1,01 - INDIVIDUAL PRACTITIONER,N,0001 - Medical Service Provider,9,009 - FOR PROFIT,0,1,2011,0
665556466X,1,0,1,1,0,0,2011,710,244,55450,354,1,0,0,0,0,0,0,0,0,1,0,0,28,45,119,3613,0,10,0,0,7,17,0,0,0,0,H9WZRl L S%X7lR,SPRINGFIELD,1111,1,1,01 - PHYSICIAN,124,124 - PHYSICIAN,207R00000X,207R00000X - PHYSICIAN-INTERNAL MEDICINE,1,01 - INDIVIDUAL PRACTITIONER,N,0001 - Medical Service Provider,9,009 - FOR PROFIT,0,1,2011,0
665552662X,1,0,1,1,0,0,2011,604,188,10468,340,1,0,0,0,0,0,0,0,0,0,0,0,59,64,190,3972,0,12,1,0,38,32,0,0,0,0,JlSS%mZ M B%77%l,GREENFIELD,61361,1,1,01 - PHYSICIAN,124,124 - PHYSICIAN,207R00000X,207R00000X - PHYSICIAN-INTERNAL MEDICINE,1,01 - INDIVIDUAL PRACTITIONER,N,0001 - Medical Service Provider,9,009 - FOR PROFIT,0,1,2011,0
665512992X,1,0,1,1,0,0,2011,369,143,8044,297,1,0,0,0,0,0,0,0,0,0,0,0,231,87,251,5414,0,18,1,0,67,68,0,0,0,0,SZXmH%TZ  76PTZ,TAUNTON,2716,1,1,01 - PHYSICIAN,124,124 - PHYSICIAN,207R00000X,207R00000X - PHYSICIAN-INTERNAL MEDICINE,1,01 - INDIVIDUAL PRACTITIONER,N,0001 - Medical Service Provider,9,009 - FOR PROFIT,0,1,2011,0
665555926X,1,0,1,1,0,0,2011,379,141,8317,283,1,0,0,0,0,0,0,0,0,0,0,0,65,94,196,4361,0,15,1,0,52,52,0,0,0,0,ll%S9X H W9X7,FITCHBURG,1226,1,1,01 - PHYSICIAN,124,124 - PHYSICIAN,207R00000X,207R00000X - PHYSICIAN-INTERNAL MEDICINE,1,01 - INDIVIDUAL PRACTITIONER,N,0001 - Medical Service Provider,9,009 - FOR PROFIT,0,1,2011,0
665552664X,4,0,1,4,0,0,2011,372,102,8948,303,4,1,0,0,0,0,0,0,0,11,0,38,140,71,195,5200,0,17,1,0,58,52,1,0,0,0,TR%m%Z L V9RllRSTRZSSl,GARDNER,1226,1,1,01 - PHYSICIAN,124,124 - PHYSICIAN,207R00000X,207R00000X - PHYSICIAN-INTERNAL MEDICINE,1,01 - INDIVIDUAL PRACTITIONER,N,0001 - Medical Service Provider,9,009 - FOR PROFIT,3,1,2011,11
665591956X,1,0,1,1,0,0,2011,417,106,2091,249,1,0,0,0,0,0,0,0,0,0,0,0,40,73,193,1153,0,5,1,0,55,46,0,0,0,0,MZRK Z RZlZ%mK%,SPRINGFIELD,1162,1,1,01 - PHYSICIAN,124,124 - PHYSICIAN,207R00000X,207R00000X - PHYSICIAN-INTERNAL MEDICINE,1,01 - INDIVIDUAL PRACTITIONER,N,0001 - Medical Service Provider,9,009 - FOR PROFIT,0,1,2011,0
665529549X,1,0,1,1,0,0,2011,375,154,6494,241,1,0,0,0,0,0,0,0,0,1,0,0,28,68,182,2877,0,12,1,0,44,49,0,0,0,0,lL%ZZBlTH Z ZRMSTR9X7,WESTFIELD,1615,1,1,01 - PHYSICIAN,124,124 - PHYSICIAN,207R00000X,207R00000X - PHYSICIAN-INTERNAL MEDICINE,1,01 - INDIVIDUAL PRACTITIONER,N,0001 - Medical Service Provider,9,009 - FOR PROFIT,1,1,2011,0
665524559X,1,0,1,1,0,0,2011,422,130,12904,234,1,0,0,0,0,0,0,0,0,0,0,13,150,28,71,1305,0,6,0,0,10,17,0,0,0,0,l9  mHZX,ATTLEBORO,62763,1,1,01 - PHYSICIAN,124,124 - PHYSICIAN,207R00000X,207R00000X - PHYSICIAN-INTERNAL MEDICINE,1,01 - INDIVIDUAL PRACTITIONER,N,0001 - Medical Service Provider,9,009 - FOR PROFIT,0,1,2011,4
665546941X,2,0,1,2,0,0,2011,963,394,11746,705,2,0,0,0,0,0,0,0,0,2,0,0,56,203,616,8407,0,12,1,0,72,64,0,0,0,0,ZXT9Xl B mR6Z %%%,CHICOPEE,61626,1,1,01 - PHYSICIAN,124,124 - PHYSICIAN,207R00000X,207R00000X - PHYSICIAN-INTERNAL MEDICINE,1,01 - INDIVIDUAL PRACTITIONER,N,0001 - Medical Service Provider,9,009 - FOR PROFIT,2,1,2011,0
665555946X,1,0,1,1,0,0,2011,273,75,1723,223,1,0,0,0,0,0,0,0,0,0,0,0,231,53,200,1300,0,6,1,0,75,73,0,0,0,0,Z6R9RZ  SZXTZXZ,TAUNTON,2716,1,1,01 - PHYSICIAN,124,124 - PHYSICIAN,207R00000X,207R00000X - PHYSICIAN-INTERNAL MEDICINE,1,01 - INDIVIDUAL PRACTITIONER,N,0001 - Medical Service Provider,9,009 - FOR PROFIT,0,1,2011,0
665555491X,2,0,1,2,0,0,2011,722,216,26268,677,2,0,0,0,0,0,0,0,0,1,49,0,40,223,641,23875,0,35,1,0,91,89,0,0,0,0,7ZV%X m L%TTLl,SALISBURY,61952,1,1,01 - PHYSICIAN,124,124 - PHYSICIAN,207R00000X,207R00000X - PHYSICIAN-INTERNAL MEDICINE,1,01 - INDIVIDUAL PRACTITIONER,N,0001 - Medical Service Provider,9,009 - FOR PROFIT,0,1,2011,0
665599126X,1,0,1,1,0,0,2011,324,101,5702,194,1,1,0,0,0,0,0,0,0,0,0,0,472,50,144,3098,0,16,1,0,54,44,0,0,0,0,TZT%ZXZ X Sm9TT,LAWRENCE,1123,1,1,01 - PHYSICIAN,124,124 - PHYSICIAN,207R00000X,207R00000X - PHYSICIAN-INTERNAL MEDICINE,1,01 - INDIVIDUAL PRACTITIONER,N,0001 - Medical Service Provider,9,009 - FOR PROFIT,0,1,2011,0
665556926X,1,0,1,1,0,0,2011,256,78,4145,188,1,1,0,0,0,0,0,0,0,0,0,0,40,41,138,1875,0,10,1,0,45,54,0,0,0,0,7ZRY P JZm9BS9X,FEEDING HILLS,61636,1,1,01 - PHYSICIAN,124,124 - PHYSICIAN,207R00000X,207R00000X - PHYSICIAN-INTERNAL MEDICINE,1,01 - INDIVIDUAL PRACTITIONER,N,0001 - Medical Service Provider,9,009 - FOR PROFIT,0,1,2011,0
665591645X,1,0,1,1,0,0,2011,211,69,639,185,1,1,0,0,0,0,0,0,0,2,15,0,50,58,144,189,0,1,1,0,30,68,1,0,0,0,J9HX  Yll,EVERETT,2129,1,1,01 - PHYSICIAN,124,124 - PHYSICIAN,207R00000X,207R00000X - PHYSICIAN-INTERNAL MEDICINE,1,01 - INDIVIDUAL PRACTITIONER,N,0001 - Medical Service Provider,9,009 - FOR PROFIT,0,1,2011,0
665542246X,1,0,1,1,0,0,2011,179,166,6144,177,1,1,0,0,0,0,0,0,0,5,49,49,240,0,1,41,0,0,0,1,1,1,1,0,0,0,JZMlS P R967lM9XT,SPRINGFIELD,61199,1,1,01 - PHYSICIAN,124,124 - PHYSICIAN,207R00000X,207R00000X - PHYSICIAN-INTERNAL MEDICINE,1,01 - INDIVIDUAL PRACTITIONER,N,0001 - Medical Service Provider,9,009 - FOR PROFIT,1,1,2011,12
665519562X,3,0,1,3,0,0,2011,1198,217,27908,495,3,1,0,0,0,0,0,0,0,0,0,0,120,131,369,15594,0,32,1,0,56,31,0,0,0,0,%RlXZ K 7lSHlVZ,N DARTMOUTH,2727,1,1,01 - PHYSICIAN,124,124 - PHYSICIAN,207R00000X,207R00000X - PHYSICIAN-INTERNAL MEDICINE,1,01 - INDIVIDUAL PRACTITIONER,N,0001 - Medical Service Provider,9,009 - FOR PROFIT,0,1,2011,0
665596119X,1,0,1,1,0,0,2011,106,39,506,94,1,1,0,0,0,0,0,0,0,0,0,0,21,30,84,306,0,3,1,0,61,79,1,0,0,0,R9BlRT 7 ZTK%Xl,SOMERVILLE,2123,1,1,01 - PHYSICIAN,124,124 - PHYSICIAN,207R00000X,207R00000X - PHYSICIAN-INTERNAL MEDICINE,1,01 - INDIVIDUAL PRACTITIONER,N,0001 - Medical Service Provider,9,009 - FOR PROFIT,,1,2011,0
665554959X,2,0,1,2,0,0,2011,845,292,14747,559,2,0,0,0,0,0,0,0,0,0,0,49,944,131,409,7780,0,14,1,0,53,48,0,0,0,0,PZ6L S THZLlR,FLORENCE,61662,1,1,01 - PHYSICIAN,124,124 - PHYSICIAN,207R00000X,207R00000X - PHYSICIAN-INTERNAL MEDICINE,1,01 - INDIVIDUAL PRACTITIONER,N,0001 - Medical Service Provider,9,009 - FOR PROFIT,0,1,2011,12
665555256X,1,0,1,1,0,0,2011,331,65,14718,141,1,1,0,0,0,0,0,0,0,0,0,13,60,63,133,5605,0,40,1,0,38,40,0,0,0,0,J9SlPH J l9lRR,SOMERSET,62726,1,1,01 - PHYSICIAN,124,124 - PHYSICIAN,207R00000X,207R00000X - PHYSICIAN-INTERNAL MEDICINE,1,01 - INDIVIDUAL PRACTITIONER,N,0001 - Medical Service Provider,9,009 - FOR PROFIT,,1,2011,3
665522542X,1,0,1,1,0,0,2011,220,81,2289,136,1,1,0,0,0,0,0,0,0,0,0,0,21,38,112,642,0,5,1,0,28,51,1,0,0,0,Z6LF%QZR Z M%R,BROCKTON,62361,1,1,01 - PHYSICIAN,124,124 - PHYSICIAN,207R00000X,207R00000X - PHYSICIAN-INTERNAL MEDICINE,1,01 - INDIVIDUAL PRACTITIONER,N,0001 - Medical Service Provider,9,009 - FOR PROFIT,0,1,2011,0
665552411X,1,0,1,1,0,0,2011,205,27,7751,112,1,1,0,0,0,0,0,0,0,0,0,0,80,40,86,4480,0,40,1,0,58,42,1,0,0,0,mZR9L S SZVZ7l,HARVARD,1251,1,1,01 - PHYSICIAN,124,124 - PHYSICIAN,207R00000X,207R00000X - PHYSICIAN-INTERNAL MEDICINE,1,01 - INDIVIDUAL PRACTITIONER,N,0001 - Medical Service Provider,9,009 - FOR PROFIT,0,1,2011,0
665551555X,1,0,1,1,0,0,2011,150,60,3370,113,1,1,0,0,0,0,0,0,0,1,13,0,105,24,54,1837,0,16,1,0,55,36,1,0,0,0,XZXmlY T R6SS9,FALL RIVER,62721,1,1,01 - PHYSICIAN,124,124 - PHYSICIAN,207R00000X,207R00000X - PHYSICIAN-INTERNAL MEDICINE,1,01 - INDIVIDUAL PRACTITIONER,N,0001 - Medical Service Provider,9,009 - FOR PROFIT,0,1,2011,0
665519996X,2,0,1,2,0,0,2011,889,253,17495,508,2,0,0,0,0,0,0,0,0,0,0,98,944,123,370,8423,0,17,1,1,48,42,0,0,0,0,KHZRMlX  L9PlZ llL mZST%LL9,EASTHAMPTON,61627,1,1,01 - PHYSICIAN,124,124 - PHYSICIAN,207R00000X,207R00000X - PHYSICIAN-INTERNAL MEDICINE,1,01 - INDIVIDUAL PRACTITIONER,N,0001 - Medical Service Provider,9,009 - FOR PROFIT,0,1,2011,21
665599212X,2,0,1,2,0,0,2011,821,194,16285,483,2,0,0,0,0,0,0,0,0,0,0,0,944,110,340,8064,0,17,1,0,50,41,0,0,0,0,MZR76lR%T  76MP,GREENFIELD,61361,1,1,01 - PHYSICIAN,124,124 - PHYSICIAN,207R00000X,207R00000X - PHYSICIAN-INTERNAL MEDICINE,1,01 - INDIVIDUAL PRACTITIONER,N,0001 - Medical Service Provider,9,009 - FOR PROFIT,0,1,2011,0
665541299X,2,0,1,2,0,0,2011,703,258,13199,464,2,0,0,0,0,0,0,0,0,0,0,49,944,101,330,6454,0,14,1,0,49,47,0,0,0,0,lZV%l M SLZmK,EASTHAMPTON,61627,1,1,01 - PHYSICIAN,124,124 - PHYSICIAN,207R00000X,207R00000X - PHYSICIAN-INTERNAL MEDICINE,1,01 - INDIVIDUAL PRACTITIONER,N,0001 - Medical Service Provider,9,009 - FOR PROFIT,0,1,2011,10
665559962X,2,0,1,2,0,0,2011,706,229,13169,445,2,0,0,0,0,0,0,0,0,1,0,0,944,101,304,6652,0,15,1,0,51,43,0,0,0,0,JlRZLl  Fl%XLZXl,EASTHAMPTON,61627,1,1,01 - PHYSICIAN,124,124 - PHYSICIAN,207R00000X,207R00000X - PHYSICIAN-INTERNAL MEDICINE,1,01 - INDIVIDUAL PRACTITIONER,N,0001 - Medical Service Provider,9,009 - FOR PROFIT,0,1,2011,0
665596692X,2,0,1,2,0,0,2011,548,146,17086,396,2,1,0,0,0,0,0,0,0,0,0,49,560,106,370,10884,0,28,1,0,64,68,0,0,0,0,R%mHZRl l PlRK%XS,SOMEREST,62726,1,1,01 - PHYSICIAN,124,124 - PHYSICIAN,207R00000X,207R00000X - PHYSICIAN-INTERNAL MEDICINE,1,01 - INDIVIDUAL PRACTITIONER,N,0001 - Medical Service Provider,9,009 - FOR PROFIT,0,1,2011,8
665565592X,2,0,1,2,0,0,2011,158,30,7891,129,2,2,0,0,0,1,0,0,0,0,0,25,50,49,124,6333,0,49,1,0,80,79,1,0,0,0,TH9MZS W ST%XS9X %%%,WOBURN,1161,1,1,01 - PHYSICIAN,124,124 - PHYSICIAN,207R00000X,207R00000X - PHYSICIAN-INTERNAL MEDICINE,1,01 - INDIVIDUAL PRACTITIONER,N,0001 - Medical Service Provider,9,009 - FOR PROFIT,0,1,2011,4
665541296X,2,0,1,2,0,0,2011,607,199,12328,373,2,1,0,0,0,0,0,0,0,0,0,49,944,70,228,5934,0,16,1,0,48,38,0,0,0,0,JlFFRlY P PZLMlR,GREENFIELD,61361,1,1,01 - PHYSICIAN,124,124 - PHYSICIAN,207R00000X,207R00000X - PHYSICIAN-INTERNAL MEDICINE,1,01 - INDIVIDUAL PRACTITIONER,N,0001 - Medical Service Provider,9,009 - FOR PROFIT,0,1,2011,7
665551296X,2,0,1,2,0,0,2011,574,335,22949,372,2,1,0,0,0,0,0,0,0,2,0,25,450,33,98,4270,0,12,0,0,19,17,0,0,0,0,L96%S  l6RK%X,SPRINGFIELD,1162,1,1,01 - PHYSICIAN,124,124 - PHYSICIAN,207R00000X,207R00000X - PHYSICIAN-INTERNAL MEDICINE,1,01 - INDIVIDUAL PRACTITIONER,N,0001 - Medical Service Provider,9,009 - FOR PROFIT,0,1,2011,4
665512229X,2,0,1,2,0,0,2011,490,85,18014,370,2,1,0,0,0,0,0,0,0,0,0,25,320,78,189,9014,0,24,1,0,50,39,0,0,0,0,JlFFRlY B l9SH%lR,PITTSFIELD,61261,1,1,01 - PHYSICIAN,124,124 - PHYSICIAN,207R00000X,207R00000X - PHYSICIAN-INTERNAL MEDICINE,1,01 - INDIVIDUAL PRACTITIONER,N,0001 - Medical Service Provider,9,009 - FOR PROFIT,0,1,2011,3
665525544X,3,0,1,3,0,0,2011,511,109,13679,365,3,1,0,0,0,0,0,0,0,1,0,0,135,106,282,9520,0,26,1,0,70,55,1,0,0,0,MZ6R%ml R BlRXZ%mHl,WEST HATFIELD,1611,1,1,01 - PHYSICIAN,124,124 - PHYSICIAN,207R00000X,207R00000X - PHYSICIAN-INTERNAL MEDICINE,1,01 - INDIVIDUAL PRACTITIONER,N,0001 - Medical Service Provider,9,009 - FOR PROFIT,0,1,2011,0
665542262X,2,0,1,2,0,0,2011,580,227,11774,358,2,1,0,0,0,0,0,0,0,0,0,49,944,81,247,7085,0,20,1,0,60,43,0,0,0,0,STlVlX B lSR%mK,FLORENCE,61662,1,1,01 - PHYSICIAN,124,124 - PHYSICIAN,207R00000X,207R00000X - PHYSICIAN-INTERNAL MEDICINE,1,01 - INDIVIDUAL PRACTITIONER,N,0001 - Medical Service Provider,9,009 - FOR PROFIT,0,1,2011,6
665545442X,2,0,1,2,0,0,2011,362,169,1904,351,2,1,0,0,0,1,0,0,0,2,0,98,480,3,9,481,0,1,0,5,25,3,1,0,0,0,L9%S m ZLB6RY,SPRINGFIELD,61151,1,1,01 - PHYSICIAN,124,124 - PHYSICIAN,207R00000X,207R00000X - PHYSICIAN-INTERNAL MEDICINE,1,01 - INDIVIDUAL PRACTITIONER,N,0001 - Medical Service Provider,9,009 - FOR PROFIT,0,1,2011,12
665591259X,2,0,1,2,0,0,2011,349,171,6222,335,2,1,0,0,0,0,0,0,0,0,0,0,120,94,275,5156,0,15,1,0,83,79,1,0,0,0,R9XZLl J RZP9P9RT,FALL RIVER,62726,1,1,01 - PHYSICIAN,124,124 - PHYSICIAN,207R00000X,207R00000X - PHYSICIAN-INTERNAL MEDICINE,1,01 - INDIVIDUAL PRACTITIONER,N,0001 - Medical Service Provider,9,009 - FOR PROFIT,0,1,2011,0
665566226X,3,0,1,3,0,0,2011,336,85,6885,189,3,2,0,0,0,0,0,0,0,6,0,0,84,57,135,3196,0,17,1,0,46,40,1,0,0,0,XZ9M%  R9SlXBlR7,WESTFIELD,1615,1,1,01 - PHYSICIAN,124,124 - PHYSICIAN,207R00000X,207R00000X - PHYSICIAN-INTERNAL MEDICINE,1,01 - INDIVIDUAL PRACTITIONER,N,0001 - Medical Service Provider,9,009 - FOR PROFIT,4,1,2011,0
665551199X,2,0,1,2,0,0,2011,252,66,2613,146,2,1,0,0,0,0,0,0,0,0,0,0,80,31,99,1656,0,11,1,0,63,39,1,0,0,0,llWZRl K RYTlR,LUDLOW,61656,1,1,01 - PHYSICIAN,124,124 - PHYSICIAN,207R00000X,207R00000X - PHYSICIAN-INTERNAL MEDICINE,1,01 - INDIVIDUAL PRACTITIONER,N,0001 - Medical Service Provider,9,009 - FOR PROFIT,0,1,2011,0
665549622X,2,0,1,2,0,0,2011,326,124,9762,280,2,1,0,0,0,0,0,0,0,0,0,0,180,94,262,7359,0,26,1,0,75,80,1,0,0,0,R9MZX X SZXT9S,LAKEVILLE,2327,1,1,01 - PHYSICIAN,124,124 - PHYSICIAN,207R00000X,207R00000X - PHYSICIAN-INTERNAL MEDICINE,1,01 - INDIVIDUAL PRACTITIONER,N,0001 - Medical Service Provider,9,009 - FOR PROFIT,0,1,2011,0
665519146X,2,0,1,2,0,0,2011,836,37,25595,268,2,1,0,0,0,3,0,0,0,6,0,98,320,57,218,8852,0,33,1,0,35,26,0,0,0,0,Tl9-mZRL9  STRZ6X,BROOKLINE,2226,1,1,01 - PHYSICIAN,124,124 - PHYSICIAN,207R00000X,207R00000X - PHYSICIAN-INTERNAL MEDICINE,1,01 - INDIVIDUAL PRACTITIONER,N,0001 - Medical Service Provider,9,009 - FOR PROFIT,0,1,2011,5
665556525X,3,0,1,3,0,0,2011,282,73,5957,237,3,1,0,0,0,0,0,0,0,2,0,0,180,31,108,1578,0,7,1,0,27,38,1,0,0,0,HlXRY  mR9WLlY,FALL RIVER,62721,1,1,01 - PHYSICIAN,124,124 - PHYSICIAN,207R00000X,207R00000X - PHYSICIAN-INTERNAL MEDICINE,1,01 - INDIVIDUAL PRACTITIONER,N,0001 - Medical Service Provider,9,009 - FOR PROFIT,0,1,2011,0
665552159X,2,0,1,2,0,0,2011,260,128,8371,243,2,1,0,0,0,0,0,0,0,0,0,49,480,6,18,732,0,3,0,1,9,7,1,0,0,0,SHZWX m mHZRlST,SPRINGFIELD,1162,1,1,01 - PHYSICIAN,124,124 - PHYSICIAN,207R00000X,207R00000X - PHYSICIAN-INTERNAL MEDICINE,1,01 - INDIVIDUAL PRACTITIONER,N,0001 - Medical Service Provider,9,009 - FOR PROFIT,0,1,2011,1
665545655X,2,0,1,2,0,0,2011,239,142,9723,184,2,1,0,0,0,0,0,0,0,4,0,25,320,60,162,7875,0,43,1,0,81,68,1,0,0,0,BZBZT6Xll 9 TH9MZS,WEBSTER,61576,1,1,01 - PHYSICIAN,124,124 - PHYSICIAN,207R00000X,207R00000X - PHYSICIAN-INTERNAL MEDICINE,1,01 - INDIVIDUAL PRACTITIONER,N,0001 - Medical Service Provider,9,009 - FOR PROFIT,0,1,2011,0
